<?xml version="1.0" encoding="utf-8"?> 
<!DOCTYPE mapper PUBLIC "-//mybatis.org/DTD Mapper 3.0" "http://mybatis.org/dtd/mybatis-3-mapper.dtd"> 
<mapper namespace="com.qhit.doctorVisitRecordinfo.dao.IDoctorVisitRecordinfoDao"> 
	<!-- 自定义结果集 --> 
	<resultMap id="BaseResultMap" type="com.qhit.doctorVisitRecordinfo.pojo.DoctorVisitRecordinfo"> 
		<id property="infoId" column="info_id" javaType="java.lang.Integer"></id> 
		<result property="vrId" column="vr_id" javaType="java.lang.Integer"></result> 
		<result property="codeId" column="code_id" javaType="java.lang.Integer"></result> 
		<result property="amt" column="amt" javaType="java.lang.Integer"></result> 
	</resultMap>
	<resultMap id="DoctorVisitRecordinfoMap" type="com.qhit.doctorVisitRecordinfo.pojo.DoctorVisitRecordinfo">
		<id property="infoId" column="info_id" javaType="java.lang.Integer"></id>
		<result property="vrId" column="vr_id" javaType="java.lang.Integer"></result>
		<association property="doctorVisitRecord" javaType="com.qhit.doctorVisitRecord.pojo.DoctorVisitRecord" column="vr_id">
			<result property="doctorId" column="doctor_id" javaType="java.lang.Integer"></result>
			<result property="visitDate" column="visit_date" javaType="java.lang.String"></result>
			<result property="symptom" column="symptom" javaType="java.lang.String"></result>
			<result property="advice" column="advice" javaType="java.lang.String"></result>
			<result property="times" column="times" javaType="java.lang.Integer"></result>
			<result property="status" column="status" javaType="java.lang.Integer"></result>
		</association>
		<association property="baseUser" javaType="com.qhit.baseUser.pojo.BaseUser" column="doctor_id">
			<result property="cname" column="cname"></result>
		</association>
		<association property="basePatientInfo" javaType="com.qhit.basePatientInfo.pojo.BasePatientInfo" column="patient_id">
			<id property="patientId" column="patient_id" javaType="java.lang.Integer"></id>
			<result property="patientName" column="patient_name" javaType="java.lang.String"></result>
		</association>
		<collection property="doctorVisitRecordinfoList" javaType="ArrayList" ofType="com.qhit.doctorVisitRecordinfo.pojo.DoctorVisitRecordinfo"
					select="findMedicineAndAmtByVrId" column="vr_id">
		</collection>
		
	</resultMap>
	<resultMap id="DoctorVisitRecordinfoMedicineCodeMap" type="com.qhit.doctorVisitRecordinfo.pojo.DoctorVisitRecordinfo">
		<id property="infoId" column="info_id" javaType="java.lang.Integer"></id>
		<result property="vrId" column="vr_id" javaType="java.lang.Integer"></result>
		<result property="amt" column="amt" javaType="java.lang.Integer"></result>
		<association property="medicineCode" javaType="com.qhit.medicineCode.pojo.MedicineCode" column="code_id">
			<id property="codeId" column="code_id" javaType="java.lang.Integer"></id>
			<result property="medicineName" column="medicine_name" javaType="java.lang.String"></result>
			<result property="stockUnit" column="stock_unit" javaType="java.lang.String"></result>
			<result property="retailPrice" column="retail_price" javaType="java.lang.String"></result>
		</association>
	</resultMap>
 
	<!-- 在各种标签中，id属性必须与接口中的方法名一样，id的值必须是唯一的，parameterType指查询时使用的参数类型， 
	resultType属性指明查询返回的结果集类型    -->
	<sql id="Base_Column_List" >
		info_id,vr_id,code_id,amt
	</sql>
	<!--查询病人所有就诊记录（如果状态有值，就查询此状态的就诊记录） -->
	<select id="findByPatientId" parameterType="com.qhit.doctorVisitRecord.pojo.DoctorVisitRecord" resultMap="DoctorVisitRecordinfoMap">
		SELECT dvri.info_id,dvri.vr_id,dvr.doctor_id,dvr.visit_date,bu.cname,dvr.symptom,dvr.advice,dvr.times,dvr.status,bpi.patient_id,bpi.patient_name
		FROM doctor_visit_recordinfo dvri INNER JOIN doctor_visit_record dvr ON dvri.vr_id=dvr.vr_id
		INNER JOIN base_user bu ON dvr.doctor_id=bu.user_id
		INNER JOIN base_patient_info bpi ON dvr.patient_id=bpi.patient_id
		WHERE dvr.patient_id= #{patientId}
		<if test="status!=null and status!=''">
			and dvr.status=#{status}
		</if>
		 GROUP BY dvri.vr_id
	</select>

	<!--查询每次就诊 医生开的药品和数量-->
	<select id="findMedicineAndAmtByVrId" parameterType="java.lang.Integer" resultMap="DoctorVisitRecordinfoMedicineCodeMap">
		SELECT dvri.info_id,dvri.vr_id,dvri.amt,mc.code_id,mc.medicine_name,mc.stock_unit,mc.retail_price
		FROM doctor_visit_recordinfo dvri INNER JOIN medicine_code mc ON mc.code_id=dvri.code_id
			     								WHERE dvri.vr_id= #{0}
	</select>

	<select id="findById" resultMap="BaseResultMap" parameterType="java.lang.Integer" >
		select 
		<include refid="Base_Column_List" /> 
		from doctor_visit_recordinfo 
		where info_id = #{infoId} 
	</select> 
	<delete id="delete" parameterType="java.lang.Integer" > 
		delete from doctor_visit_recordinfo 
		where info_id = #{infoId} 
	</delete> 
	<insert id="insert" parameterType="com.qhit.doctorVisitRecordinfo.pojo.DoctorVisitRecordinfo" > 
		insert into doctor_visit_recordinfo(vr_id,code_id,amt) 
		values (#{vrId},#{codeId},#{amt}) 
	</insert> 
	<update id="updateSelective" parameterType="com.qhit.doctorVisitRecordinfo.pojo.DoctorVisitRecordinfo" > 
		update doctor_visit_recordinfo 
		<set > 
			<if test="vrId != null and vrId!='' " > 
				vr_id = #{vrId}, 
			</if> 
			<if test="codeId != null and codeId!='' " > 
				code_id = #{codeId}, 
			</if> 
			<if test="amt != null and amt!='' " > 
				amt = #{amt}, 
			</if> 
		</set> 
		where info_id = #{infoId} 
	</update> 
	<update id="update" parameterType="com.qhit.doctorVisitRecordinfo.pojo.DoctorVisitRecordinfo" > 
		update doctor_visit_recordinfo 
		set  vr_id = #{vrId}, code_id = #{codeId}, amt = #{amt} 
		where info_id = #{infoId} 
	</update> 
	<select id="findAll" resultMap="BaseResultMap" > 
		select 
		<include refid="Base_Column_List" /> 
		from doctor_visit_recordinfo 
	</select> 
	<select id="findByVrId" resultMap="BaseResultMap" parameterType="java.lang.Integer" > 
		select 
		<include refid="Base_Column_List" /> 
		from doctor_visit_recordinfo 
		where vr_id = #{vrId} 
	</select> 
	<select id="findByCodeId" resultMap="BaseResultMap" parameterType="java.lang.Integer" > 
		select 
		<include refid="Base_Column_List" /> 
		from doctor_visit_recordinfo 
		where code_id = #{codeId} 
	</select> 
	<select id="findByAmt" resultMap="BaseResultMap" parameterType="java.lang.Integer" > 
		select 
		<include refid="Base_Column_List" /> 
		from doctor_visit_recordinfo 
		where amt = #{amt} 
	</select> 
	<delete id="deleteBatch" parameterType="java.util.Arrays"> 
		delete from doctor_visit_recordinfo where info_id in 
		<foreach collection="array" item="id" open="(" close=")" separator=","> 
			#{id} 
		</foreach> 
	</delete> 
	<select id="search" parameterType="com.qhit.doctorVisitRecordinfo.pojo.DoctorVisitRecordinfo" resultMap="BaseResultMap"> 
		select * from  doctor_visit_recordinfo 
		<where > 
			<if test="vrId != null and vrId!='' " > 
				 and vr_id = #{vrId} 
			</if> 
			<if test="codeId != null and codeId!='' " > 
				 and code_id = #{codeId} 
			</if> 
			<if test="amt != null and amt!='' " > 
				 and amt = #{amt} 
			</if> 
		</where> 
	</select>
</mapper> 
