<?xml version="1.0" encoding="utf-8"?> 
<!DOCTYPE mapper PUBLIC "-//mybatis.org/DTD Mapper 3.0" "http://mybatis.org/dtd/mybatis-3-mapper.dtd"> 
<mapper namespace="com.qhit.dept.dao.IDeptDao"> 
	<resultMap id="DeptMap" type="com.qhit.dept.pojo.Dept">
		<result property="deptid" column="deptid" javaType="java.lang.Integer"/>
		<result property="deptname" column="deptname" javaType="java.lang.String"/>
	</resultMap>
	<select id="findAll" resultMap="DeptMap">
		select * from dept
	</select>
	<insert id="insert" parameterType="com.qhit.dept.pojo.Dept">
		insert into dept(deptname) values(#{deptname});
	</insert>
	<select id="findById" resultMap="DeptMap">
		select * from dept where deptid=#{0}
	</select>
	<update id="update" parameterType="com.qhit.dept.pojo.Dept">
		update dept set deptname=#{deptname} where dept=#{deptid}
	</update>
	<delete id="delete" parameterType="com.qhit.dept.pojo.Dept">
		delete from dept where deptid=#{deptid}
	</delete>
	<select id="search" parameterType="com.qhit.dept.pojo.Dept" resultMap="DeptMap">
		select * from dept
		<where>
			<if test="deptname != null and deptname!=''">
				and deptname like '%' #{deptname} '%'
			</if>
		</where>
	</select>
</mapper> 
