<?xml version="1.0" encoding="utf-8"?> 
<!DOCTYPE mapper PUBLIC "-//mybatis.org/DTD Mapper 3.0" "http://mybatis.org/dtd/mybatis-3-mapper.dtd"> 
<mapper namespace="com.qhit.chargeRecordinfo.dao.IChargeRecordinfoDao"> 
	<!-- 自定义结果集 --> 
	<resultMap id="BaseResultMap" type="com.qhit.chargeRecordinfo.pojo.ChargeRecordinfo"> 
		<id property="chargeInfoid" column="charge_infoid" javaType="java.lang.Integer"></id> 
		<result property="chargeId" column="charge_id" javaType="java.lang.Integer"></result> 
		<result property="codeId" column="code_id" javaType="java.lang.Integer"></result> 
		<result property="unitprc" column="unitprc" javaType="java.lang.Double"></result> 
		<result property="amt" column="amt" javaType="java.lang.Integer"></result> 
	</resultMap>
	<resultMap id="medicineIncomeMap" type="com.qhit.medicineCode.pojo.MedicineCode">
		<id property="codeId" column="code_id"></id>
		<result property="total" column="total"></result>
		<result property="medicineName" column="medicine_name"></result>
	</resultMap>
	<resultMap id="deptIncomeMap" type="com.qhit.baseDept.pojo.BaseDept">
		<id property="deptId" column="dept_id"></id>
		<result property="total" column="total"></result>
		<result property="deptName" column="dept_name"></result>
	</resultMap>
	<resultMap id="medicineTypeIncomeMap" type="com.qhit.medicineType.pojo.MedicineType">
		<id property="typeId" column="type_id"></id>
		<result property="totalcount" column="totalcount"></result>
		<result property="typeName" column="type_name"></result>
		<result property="percent" column="percent"></result>
	</resultMap>
 
	<!-- 在各种标签中，id属性必须与接口中的方法名一样，id的值必须是唯一的，parameterType指查询时使用的参数类型， 
	resultType属性指明查询返回的结果集类型    -->

	<!-- 药品收入情况 -->
	<select id="medicineIncome" parameterType="com.qhit.medicineCode.pojo.MedicineCode" resultMap="medicineIncomeMap">
		SELECT mc.code_id,mc.medicine_name,IFNULL(SUM(cri.unitprc*cri.amt),0)AS total
		FROM medicine_code mc LEFT JOIN charge_recordinfo cri ON cri.code_id=mc.code_id
		<if test="medicineName!=null and medicineName!='' ">
			WHERE mc.medicine_name LIKE '%' #{medicineName} '%'
		</if>
		GROUP BY mc.code_id
		ORDER BY SUM(cri.unitprc*cri.amt) DESC
	</select>
	<!-- 科室收入情况 -->
	<select id="deptIncome" parameterType="com.qhit.baseDept.pojo.BaseDept" resultMap="deptIncomeMap">
		SELECT bd.dept_id,bd.dept_name,IFNULL(SUM(cri.unitprc*cri.amt),0)AS total
		FROM base_dept bd LEFT JOIN base_user bu ON bd.dept_id=bu.dept_id
				LEFT JOIN charge_record cr ON cr.doctor_id=bu.user_id
				LEFT JOIN charge_recordinfo cri ON cri.charge_id=cr.charge_id
				<if test="deptName!=null and deptName!='' ">
					WHERE bd.dept_name LIKE '%' #{deptName} '%'
				</if>
				GROUP BY bd.dept_id
				ORDER BY SUM(cri.unitprc*cri.amt) DESC
	</select>
	<!-- 药品类别收入、百分比情况 -->
	<select id="medicineTypeIncome" resultMap="medicineTypeIncomeMap">
		SELECT mt.type_id,mt.type_name,
			IFNULL(SUM(cri.unitprc*cri.amt),0) AS totalcount,
			CONCAT(ROUND(IFNULL(SUM(cri.unitprc*cri.amt),0)/(SELECT SUM(cri2.unitprc*cri2.amt) FROM charge_recordinfo cri2)*100,2),'%') AS percent
		FROM medicine_type mt LEFT JOIN medicine_code mc ON mt.type_id=mc.type_code
					  LEFT JOIN charge_recordinfo cri ON cri.code_id=mc.code_id
					  GROUP BY mt.type_id
					  ORDER BY SUM(cri.unitprc*cri.amt) DESC
	</select>
	<sql id="Base_Column_List" > 
		charge_infoid,charge_id,code_id,unitprc,amt 
	</sql> 
	<select id="findById" resultMap="BaseResultMap" parameterType="java.lang.Integer" > 
		select 
		<include refid="Base_Column_List" /> 
		from charge_recordinfo 
		where charge_infoid = #{chargeInfoid} 
	</select> 
	<delete id="delete" parameterType="java.lang.Integer" > 
		delete from charge_recordinfo 
		where charge_infoid = #{chargeInfoid} 
	</delete> 
	<insert id="insert" parameterType="com.qhit.chargeRecordinfo.pojo.ChargeRecordinfo" > 
		insert into charge_recordinfo(charge_id,code_id,unitprc,amt) 
		values (#{chargeId},#{codeId},#{unitprc},#{amt}) 
	</insert> 
	<update id="updateSelective" parameterType="com.qhit.chargeRecordinfo.pojo.ChargeRecordinfo" > 
		update charge_recordinfo 
		<set > 
			<if test="chargeId != null and chargeId!='' " > 
				charge_id = #{chargeId}, 
			</if> 
			<if test="codeId != null and codeId!='' " > 
				code_id = #{codeId}, 
			</if> 
			<if test="unitprc != null and unitprc!='' " > 
				unitprc = #{unitprc}, 
			</if> 
			<if test="amt != null and amt!='' " > 
				amt = #{amt}, 
			</if> 
		</set> 
		where charge_infoid = #{chargeInfoid} 
	</update> 
	<update id="update" parameterType="com.qhit.chargeRecordinfo.pojo.ChargeRecordinfo" > 
		update charge_recordinfo 
		set  charge_id = #{chargeId}, code_id = #{codeId}, unitprc = #{unitprc}, amt = #{amt} 
		where charge_infoid = #{chargeInfoid} 
	</update>

    <select id="findAll" resultMap="BaseResultMap" >
		select 
		<include refid="Base_Column_List" /> 
		from charge_recordinfo 
	</select> 
	<select id="findByChargeId" resultMap="BaseResultMap" parameterType="java.lang.Integer" > 
		select 
		<include refid="Base_Column_List" /> 
		from charge_recordinfo 
		where charge_id = #{chargeId} 
	</select> 
	<select id="findByCodeId" resultMap="BaseResultMap" parameterType="java.lang.Integer" > 
		select 
		<include refid="Base_Column_List" /> 
		from charge_recordinfo 
		where code_id = #{codeId} 
	</select> 
	<select id="findByUnitprc" resultMap="BaseResultMap" parameterType="java.lang.Double" > 
		select 
		<include refid="Base_Column_List" /> 
		from charge_recordinfo 
		where unitprc = #{unitprc} 
	</select> 
	<select id="findByAmt" resultMap="BaseResultMap" parameterType="java.lang.Integer" > 
		select 
		<include refid="Base_Column_List" /> 
		from charge_recordinfo 
		where amt = #{amt} 
	</select> 
	<delete id="deleteBatch" parameterType="java.util.Arrays"> 
		delete from charge_recordinfo where charge_infoid in 
		<foreach collection="array" item="id" open="(" close=")" separator=","> 
			#{id} 
		</foreach> 
	</delete> 
	<select id="search" parameterType="com.qhit.chargeRecordinfo.pojo.ChargeRecordinfo" resultMap="BaseResultMap"> 
		select * from  charge_recordinfo 
		<where > 
			<if test="chargeId != null and chargeId!='' " > 
				 and charge_id = #{chargeId} 
			</if> 
			<if test="codeId != null and codeId!='' " > 
				 and code_id = #{codeId} 
			</if> 
			<if test="unitprc != null and unitprc!='' " > 
				 and unitprc = #{unitprc} 
			</if> 
			<if test="amt != null and amt!='' " > 
				 and amt = #{amt} 
			</if> 
		</where> 
	</select>


</mapper> 
