<?xml version="1.0" encoding="utf-8"?>
<beans xmlns="http://www.springframework.org/schema/beans"
       xmlns:xsi="http://www.w3.org/2001/XMLSchema-instance" xmlns:p="http://www.springframework.org/schema/p"
       xmlns:context="http://www.springframework.org/schema/context"
       xmlns:mvc="http://www.springframework.org/schema/mvc" xmlns:aop="http://www.springframework.org/schema/aop"
       xsi:schemaLocation="http://www.springframework.org/schema/beans
                        http://www.springframework.org/schema/beans/spring-beans-3.1.xsd    
                        http://www.springframework.org/schema/context    
                        http://www.springframework.org/schema/context/spring-context-3.1.xsd    
                        http://www.springframework.org/schema/mvc    
                        http://www.springframework.org/schema/mvc/spring-mvc-4.0.xsd http://www.springframework.org/schema/aop http://www.springframework.org/schema/aop/spring-aop.xsd">
    <!-- 自动扫描该包，使SpringMVC认为包下用了@controller注解的类是控制器 -->  
    <context:component-scan base-package="com.qhit.**.controller" />

    <!--配置注解适配器-->
    <bean class="org.springframework.web.servlet.mvc.method.annotation.RequestMappingHandlerAdapter"/>
    <!--配置注解映射器-->
    <bean class="org.springframework.web.servlet.mvc.method.annotation.RequestMappingHandlerMapping"/>
    <!--使用CGLIB动态代理-->
    <aop:aspectj-autoproxy proxy-target-class="true"></aop:aspectj-autoproxy>
    <context:annotation-config />
    <!--扫描该包下有@Component注解的java文件，将其实例化到Spring容器中-->
    <context:component-scan base-package="com.qhit.*"/>

    <!-- 定义跳转的文件的前后缀 ，视图模式配置-->  
    <bean class="org.springframework.web.servlet.view.InternalResourceViewResolver">  
        <!-- 这里的配置我的理解是自动给后面action的方法return的字符串加上前缀和后缀，变成一个 可用的url地址 -->  
        <!--<property name="prefix" value="/jsp/" />  -->
        <property name="prefix" value="/jsp/" />
        <property name="suffix" value=".jsp" />
    </bean>  
      
</beans>