<?xml version="1.0" encoding="utf-8"?> 
<!DOCTYPE mapper PUBLIC "-//mybatis.org/DTD Mapper 3.0" "http://mybatis.org/dtd/mybatis-3-mapper.dtd"> 
<mapper namespace="com.qhit.chargeRecord.dao.IChargeRecordDao"> 
	<!-- 自定义结果集 --> 
	<resultMap id="BaseResultMap" type="com.qhit.chargeRecord.pojo.ChargeRecord"> 
		<id property="chargeId" column="charge_id" javaType="java.lang.Integer"></id> 
		<result property="patientId" column="patient_id" javaType="java.lang.Integer"></result> 
		<result property="doctorId" column="doctor_id" javaType="java.lang.Integer"></result> 
		<result property="amount" column="amount" javaType="java.lang.Double"></result> 
		<result property="chargeDate" column="charge_date" javaType="java.lang.String"></result> 
		<result property="chargeUser" column="charge_user" javaType="java.lang.Integer"></result> 
		<result property="vrId" column="vr_id" javaType="java.lang.Integer"></result>
		<association property="basePatientInfo" javaType="com.qhit.basePatientInfo.pojo.BasePatientInfo" column="patient_id">
			<result property="patientName" column="patient_name" javaType="java.lang.String"></result>
		</association>
		<association property="baseUser" javaType="com.qhit.baseUser.pojo.BaseUser" column="doctor_id">
			<result property="cname" column="cname" javaType="java.lang.String"></result>
		</association>
		<association property="baseUser2" javaType="com.qhit.baseUser.pojo.BaseUser" column="charge_user">
			<result property="cname" column="cname2" javaType="java.lang.String"></result>
		</association>

	</resultMap>
	<resultMap id="chargeRecordInfoMap" type="com.qhit.chargeRecord.pojo.ChargeRecord">
		<id property="chargeId" column="charge_id" javaType="java.lang.Integer"></id>
		<id property="doctorId" column="doctor_id" javaType="java.lang.Integer"></id>
		<id property="patientId" column="patient_id" javaType="java.lang.Integer"></id>
		<id property="vrId" column="vr_id" javaType="java.lang.Integer"></id>
		<result property="chargeDate" column="charge_date" javaType="java.lang.String"></result>
		<result property="amount" column="amount" javaType="java.lang.Double"></result>
		<association property="basePatientInfo" javaType="com.qhit.basePatientInfo.pojo.BasePatientInfo" column="patient_id">
			<result property="patientName" column="patient_name" javaType="java.lang.String"></result>
		</association>
		<association property="baseUser" javaType="com.qhit.baseUser.pojo.BaseUser" column="doctor_id">
			<result property="cname" column="cname" javaType="java.lang.String"></result>
		</association>
		<association property="baseUser2" javaType="com.qhit.baseUser.pojo.BaseUser" column="charge_user">
			<result property="cname" column="cname2" javaType="java.lang.String"></result>
		</association>
		<association property="doctorVisitRecord" javaType="com.qhit.doctorVisitRecord.pojo.DoctorVisitRecord" column="vr_id">
			<result property="status" column="status" javaType="java.lang.Integer"></result>
		</association>
		<collection property="chargeRecordinfoList" select="chargeRecordinfoByChargeId" column="charge_id"></collection>
	</resultMap>

	<resultMap id="chargeRecordinfo" type="com.qhit.chargeRecordinfo.pojo.ChargeRecordinfo">
		<id property="chargeInfoid" column="charge_infoid"></id>
		<result property="chargeId" column="charge_id" javaType="java.lang.Integer"></result>
		<result property="codeId" column="code_id" javaType="java.lang.Integer"></result>
		<result property="unitprc" column="unitprc" javaType="java.lang.Double"></result>
		<result property="amt" column="amt" javaType="java.lang.Integer"></result>
		<association property="medicineCode" javaType="com.qhit.medicineCode.pojo.MedicineCode" column="code_id">
			<result property="medicineName" column="medicine_name" javaType="java.lang.String"></result>
			<result property="stockUnit" column="stock_unit" javaType="java.lang.String"></result>
		</association>

	</resultMap>
 
	<!-- 在各种标签中，id属性必须与接口中的方法名一样，id的值必须是唯一的，parameterType指查询时使用的参数类型， 
	resultType属性指明查询返回的结果集类型    --> 
 	<!-- 通过病人id查询此人的缴费记录（状态为2） -->
	<select id="chargeRecordInfoByPatientId" resultMap="chargeRecordInfoMap">
		SELECT cr.charge_id,cr.charge_date,cr.amount,cr.doctor_id,cr.patient_id,cr.vr_id,bpi.patient_name,bu.cname,bu2.cname as cname2,dvr.status
		FROM charge_record cr INNER JOIN base_patient_info bpi ON cr.patient_id=bpi.patient_id
					  		  INNER JOIN base_user bu ON cr.doctor_id=bu.user_id
					  		  INNER JOIN base_user bu2 ON cr.charge_user=bu2.user_id
					  		  INNER JOIN doctor_visit_record dvr ON cr.vr_id = dvr.vr_id
		WHERE cr.patient_id = #{0} AND dvr.status=2
	</select>
	<!-- 通过缴费记录id 查询此缴费记录的详情 -->
	<select id="chargeRecordinfoByChargeId" resultMap="chargeRecordinfo">
		SELECT cri.charge_infoid,cri.charge_id,cri.code_id,cri.unitprc,cri.amt,mc.medicine_name,mc.stock_unit
		FROM charge_recordinfo cri INNER JOIN medicine_code mc ON cri.code_id = mc.code_id
		WHERE cri.charge_id= #{0}
	</select>
	<select id="findAll" resultMap="BaseResultMap" >
		SELECT cr.*,bpi.patient_name,bu.cname AS cname,bu2.cname AS cname2
		FROM charge_record cr
		INNER JOIN base_patient_info bpi ON cr.patient_id=bpi.patient_id
		INNER JOIN base_user bu ON cr.doctor_id=bu.user_id
		INNER JOIN base_user bu2 ON cr.charge_user=bu2.user_id
	</select>
	<sql id="Base_Column_List" > 
		charge_id,patient_id,doctor_id,amount,charge_date,charge_user,vr_id
	</sql>
	<select id="findById" resultMap="BaseResultMap" parameterType="java.lang.Integer" >
		select
		<include refid="Base_Column_List" />
		from charge_record
		where charge_id = #{chargeId}
	</select>
	<delete id="delete" parameterType="java.lang.Integer" >
		delete from charge_record
		where charge_id = #{chargeId}
	</delete>
	<insert id="insert" parameterType="com.qhit.chargeRecord.pojo.ChargeRecord" >
		insert into charge_record(patient_id,doctor_id,amount,charge_date,charge_user,vr_id)
		values (#{patientId},#{doctorId},#{amount},#{chargeDate},#{chargeUser},#{vrId})
	</insert>
	<update id="updateSelective" parameterType="com.qhit.chargeRecord.pojo.ChargeRecord" >
		update charge_record
		<set >
			<if test="patientId != null and patientId!='' " >
				patient_id = #{patientId},
			</if>
			<if test="doctorId != null and doctorId!='' " >
				doctor_id = #{doctorId},
			</if>
			<if test="amount != null and amount!='' " >
				amount = #{amount},
			</if>
			<if test="chargeDate != null and chargeDate!='' " >
				charge_date = #{chargeDate},
			</if>
			<if test="chargeUser != null and chargeUser!='' " >
				charge_user = #{chargeUser},
			</if>
			<if test="vrId != null and vrId!='' " >
				vr_id = #{vrId},
			</if>
		</set>
		where charge_id = #{chargeId}
	</update>
	<update id="update" parameterType="com.qhit.chargeRecord.pojo.ChargeRecord" >
		update charge_record
		set  patient_id = #{patientId}, doctor_id = #{doctorId}, amount = #{amount}, charge_date = #{chargeDate}, charge_user = #{chargeUser}, vr_id = #{vrId}
		where charge_id = #{chargeId}
	</update>
	<select id="findByPatientId" resultMap="BaseResultMap" parameterType="java.lang.Integer" >
		select
		<include refid="Base_Column_List" />
		from charge_record
		where patient_id = #{patientId}
	</select>
	<select id="findByDoctorId" resultMap="BaseResultMap" parameterType="java.lang.Integer" >
		select
		<include refid="Base_Column_List" />
		from charge_record
		where doctor_id = #{doctorId}
	</select>
	<select id="findByAmount" resultMap="BaseResultMap" parameterType="java.lang.Double" >
		select
		<include refid="Base_Column_List" />
		from charge_record
		where amount = #{amount}
	</select>
	<select id="findByChargeDate" resultMap="BaseResultMap" parameterType="java.lang.String" >
		select
		<include refid="Base_Column_List" />
		from charge_record
		where charge_date = #{chargeDate}
	</select>
	<select id="findByChargeUser" resultMap="BaseResultMap" parameterType="java.lang.Integer" >
		select
		<include refid="Base_Column_List" />
		from charge_record
		where charge_user = #{chargeUser}
	</select>
	<select id="findByVrId" resultMap="BaseResultMap" parameterType="java.lang.Integer" >
		select
		<include refid="Base_Column_List" />
		from charge_record
		where vr_id = #{vrId}
	</select>
	<delete id="deleteBatch" parameterType="java.util.Arrays">
		delete from charge_record where charge_id in
		<foreach collection="array" item="id" open="(" close=")" separator=",">
			#{id}
		</foreach>
	</delete>
	<select id="search" parameterType="com.qhit.chargeRecord.pojo.ChargeRecord" resultMap="BaseResultMap">
		select * from  charge_record
		<where >
			<if test="patientId != null and patientId!='' " >
				and patient_id = #{patientId}
			</if>
			<if test="doctorId != null and doctorId!='' " >
				and doctor_id = #{doctorId}
			</if>
			<if test="amount != null and amount!='' " >
				and amount = #{amount}
			</if>
			<if test="chargeDate != null and chargeDate!='' " >
				and charge_date = #{chargeDate}
			</if>
			<if test="chargeUser != null and chargeUser!='' " >
				and charge_user = #{chargeUser}
			</if>
			<if test="vrId != null and vrId!='' " >
				and vr_id = #{vrId}
			</if>
		</where>
	</select>

</mapper>
