<?xml version="1.0" encoding="utf-8"?> 
<!DOCTYPE mapper PUBLIC "-//mybatis.org/DTD Mapper 3.0" "http://mybatis.org/dtd/mybatis-3-mapper.dtd"> 
<mapper namespace="com.qhit.medicineOutstock.dao.IMedicineOutstockDao"> 
	<!-- 自定义结果集 --> 
	<resultMap id="BaseResultMap" type="com.qhit.medicineOutstock.pojo.MedicineOutstock"> 
		<id property="outstockId" column="outstock_id" javaType="java.lang.Integer"></id> 
		<result property="codeId" column="code_id" javaType="java.lang.Integer"></result> 
		<result property="outamt" column="outamt" javaType="java.lang.Integer"></result> 
		<result property="unitprc" column="unitprc" javaType="java.lang.Double"></result> 
		<result property="zje" column="zje" javaType="java.lang.Double"></result> 
		<result property="outstockUser" column="outstock_user" javaType="java.lang.Integer"></result> 
		<result property="outstockDate" column="outstock_date" javaType="java.lang.String"></result> 
		<result property="patientId" column="patient_id" javaType="java.lang.Integer"></result> 
		<result property="doctorId" column="doctor_id" javaType="java.lang.Integer"></result> 
	</resultMap> 
 
	<!-- 在各种标签中，id属性必须与接口中的方法名一样，id的值必须是唯一的，parameterType指查询时使用的参数类型， 
	resultType属性指明查询返回的结果集类型    --> 
 
	<sql id="Base_Column_List" > 
		outstock_id,code_id,outamt,unitprc,zje,outstock_user,outstock_date,patient_id,doctor_id 
	</sql> 
	<select id="findById" resultMap="BaseResultMap" parameterType="java.lang.Integer" > 
		select 
		<include refid="Base_Column_List" /> 
		from medicine_outstock 
		where outstock_id = #{outstockId} 
	</select> 
	<delete id="delete" parameterType="java.lang.Integer" > 
		delete from medicine_outstock 
		where outstock_id = #{outstockId} 
	</delete> 
	<insert id="insert" parameterType="com.qhit.medicineOutstock.pojo.MedicineOutstock" > 
		insert into medicine_outstock(code_id,outamt,unitprc,zje,outstock_user,outstock_date,patient_id,doctor_id) 
		values (#{codeId},#{outamt},#{unitprc},#{zje},#{outstockUser},#{outstockDate},#{patientId},#{doctorId}) 
	</insert> 
	<update id="updateSelective" parameterType="com.qhit.medicineOutstock.pojo.MedicineOutstock" > 
		update medicine_outstock 
		<set > 
			<if test="codeId != null and codeId!='' " > 
				code_id = #{codeId}, 
			</if> 
			<if test="outamt != null and outamt!='' " > 
				outamt = #{outamt}, 
			</if> 
			<if test="unitprc != null and unitprc!='' " > 
				unitprc = #{unitprc}, 
			</if> 
			<if test="zje != null and zje!='' " > 
				zje = #{zje}, 
			</if> 
			<if test="outstockUser != null and outstockUser!='' " > 
				outstock_user = #{outstockUser}, 
			</if> 
			<if test="outstockDate != null and outstockDate!='' " > 
				outstock_date = #{outstockDate}, 
			</if> 
			<if test="patientId != null and patientId!='' " > 
				patient_id = #{patientId}, 
			</if> 
			<if test="doctorId != null and doctorId!='' " > 
				doctor_id = #{doctorId}, 
			</if> 
		</set> 
		where outstock_id = #{outstockId} 
	</update> 
	<update id="update" parameterType="com.qhit.medicineOutstock.pojo.MedicineOutstock" > 
		update medicine_outstock 
		set  code_id = #{codeId}, outamt = #{outamt}, unitprc = #{unitprc}, zje = #{zje}, outstock_user = #{outstockUser}, outstock_date = #{outstockDate}, patient_id = #{patientId}, doctor_id = #{doctorId} 
		where outstock_id = #{outstockId} 
	</update> 
	<select id="findAll" resultMap="BaseResultMap" > 
		select 
		<include refid="Base_Column_List" /> 
		from medicine_outstock 
	</select> 
	<select id="findByCodeId" resultMap="BaseResultMap" parameterType="java.lang.Integer" > 
		select 
		<include refid="Base_Column_List" /> 
		from medicine_outstock 
		where code_id = #{codeId} 
	</select> 
	<select id="findByOutamt" resultMap="BaseResultMap" parameterType="java.lang.Integer" > 
		select 
		<include refid="Base_Column_List" /> 
		from medicine_outstock 
		where outamt = #{outamt} 
	</select> 
	<select id="findByUnitprc" resultMap="BaseResultMap" parameterType="java.lang.Double" > 
		select 
		<include refid="Base_Column_List" /> 
		from medicine_outstock 
		where unitprc = #{unitprc} 
	</select> 
	<select id="findByZje" resultMap="BaseResultMap" parameterType="java.lang.Double" > 
		select 
		<include refid="Base_Column_List" /> 
		from medicine_outstock 
		where zje = #{zje} 
	</select> 
	<select id="findByOutstockUser" resultMap="BaseResultMap" parameterType="java.lang.Integer" > 
		select 
		<include refid="Base_Column_List" /> 
		from medicine_outstock 
		where outstock_user = #{outstockUser} 
	</select> 
	<select id="findByOutstockDate" resultMap="BaseResultMap" parameterType="java.lang.String" > 
		select 
		<include refid="Base_Column_List" /> 
		from medicine_outstock 
		where outstock_date = #{outstockDate} 
	</select> 
	<select id="findByPatientId" resultMap="BaseResultMap" parameterType="java.lang.Integer" > 
		select 
		<include refid="Base_Column_List" /> 
		from medicine_outstock 
		where patient_id = #{patientId} 
	</select> 
	<select id="findByDoctorId" resultMap="BaseResultMap" parameterType="java.lang.Integer" > 
		select 
		<include refid="Base_Column_List" /> 
		from medicine_outstock 
		where doctor_id = #{doctorId} 
	</select> 
	<delete id="deleteBatch" parameterType="java.util.Arrays"> 
		delete from medicine_outstock where outstock_id in 
		<foreach collection="array" item="id" open="(" close=")" separator=","> 
			#{id} 
		</foreach> 
	</delete> 
	<select id="search" parameterType="com.qhit.medicineOutstock.pojo.MedicineOutstock" resultMap="BaseResultMap"> 
		select * from  medicine_outstock 
		<where > 
			<if test="codeId != null and codeId!='' " > 
				 and code_id = #{codeId} 
			</if> 
			<if test="outamt != null and outamt!='' " > 
				 and outamt = #{outamt} 
			</if> 
			<if test="unitprc != null and unitprc!='' " > 
				 and unitprc = #{unitprc} 
			</if> 
			<if test="zje != null and zje!='' " > 
				 and zje = #{zje} 
			</if> 
			<if test="outstockUser != null and outstockUser!='' " > 
				 and outstock_user = #{outstockUser} 
			</if> 
			<if test="outstockDate != null and outstockDate!='' " > 
				 and outstock_date = #{outstockDate} 
			</if> 
			<if test="patientId != null and patientId!='' " > 
				 and patient_id = #{patientId} 
			</if> 
			<if test="doctorId != null and doctorId!='' " > 
				 and doctor_id = #{doctorId} 
			</if> 
		</where> 
	</select> 
</mapper> 
